km,price
273405,9367
285656,13868
217179,4326
238362,8694
163590,7165
117173,11508
206250,12857
295586,6895
13498,10849
205679,3661
288432,4756
176478,6085
52181,1160
146328,5706
313039,6774
28115,12023
49427,4677
3480,1773
138249,7259
299136,7215
286606,992
9862,14858
348197,11505
44523,6397
53393,1924
139614,13850
145724,13367
137306,6960
170597,6010
76807,4647
143319,1390
250431,5815
107811,13464
296265,12428
43838,12187
317831,5803
154314,11881
167802,1804
158986,12242
339646,3545
229128,879
257030,10518
270161,2425
84202,14154
112369,8785
187956,5684
55950,1007
326274,8958
300368,682
211186,9935
183643,766
346033,10388
115093,11099
113914,8220
27964,8512
53490,1854
128924,7036
103691,8582
139806,9440
214971,13564
146355,14356
83279,8718
330725,11124
273149,13118
349605,10033
154280,2164
247821,14313
73106,12838
159115,5065
170248,2089
65973,8495
336557,11166
260446,4438
41811,8704
324121,9814
218286,953
83012,9492
191614,12112
120650,12661
42458,9798
227416,9036
104907,5693
28367,5681
209100,6105
70390,11572
55719,9195
133744,5797
305232,10199
68724,3097
230146,3816
11868,7983
28383,6025
142218,4477
186086,14956
268381,3651
176217,14753
15233,13311
84310,5754
36366,7036
243357,13688
29922,4551
239131,897
39961,6921
68130,14069
116713,10251
331578,2920
89777,11369
276570,13172
222150,5179
197212,4185
311797,10687
1737,14175
82856,8024
87499,1520
270691,4572
210985,13655
169717,8232
57134,6734
97479,9398
169264,7138
118291,8563
341475,8510
172479,3204
209262,11337
86045,692
112980,4249
315062,3840
239546,1647
313095,3686
237693,7538
96757,9572
340947,13654
109420,9919
163740,951
190972,5272
303922,6543
301822,7144
303298,9096
327543,2388
284561,14149
303363,11314
28275,11450
14409,11931
280883,12357
256284,3760
245455,11453
150440,6788
92507,3393
160101,11258
188362,3769
132422,5679
326777,8534
256983,3675
105541,3386
201345,7624
104958,12367
123031,7671
348983,9582
29110,14939
177345,9330
211153,2677
289314,12454
264129,1637
269645,6386
141510,3615
150335,5041
269118,13573
216400,11272
127099,10761
45870,7654
286286,10298
27136,2030
179587,11164
348721,5501
222286,10575
59109,8198
318075,776
273852,11146
77533,723
282113,3111
192747,9649
220218,8320
197524,12147
82370,750
26499,14594
116124,5219
138384,6288
315887,13154
238897,13572
161572,10450
315569,1911
234096,2753
281339,12714
328283,2141
103657,7996
39400,7039
11261,7355
260759,3611
296163,8761
243378,1566
78268,2343
22960,9247
168461,3930
123193,14318
66964,10646
7626,7802
104301,12562
25255,2882
103406,3234
249291,3803
4301,1904
268027,1970
29357,3396
258872,7356
309146,14007
5646,1367
193517,9766
79735,11176
297958,10285
88825,11047
291923,7586
127481,13419
299997,1657
256717,13646
69210,10097
130188,14335
219482,5166
266997,7917
324818,1392
91726,1546
236182,5613
80980,14451
256412,3146
199890,1823
159980,11305
104260,13967
224912,12374
269775,3724
237333,5232
231808,7368
104763,7476
258393,4817
83065,7280
268685,14576
341976,14180
349173,4047
134423,7530
156263,12948
217969,8122
122762,9693
238527,2903
94574,12867
54826,9214
102041,11117
200325,13767
242401,13439
143261,13573
44070,14297
178897,14130
346464,4299
98839,4747
213367,12408
133320,11210
136499,4914
223382,3191
325100,4162
34403,5001
196299,780
17908,8172
150770,9299
85562,2656
46620,13445
30966,1517
218126,6338
68087,1002
292011,9378
268271,13641
328842,13181
103568,1083
319356,6008
330723,3567
91411,13591
335656,3394
80338,7163
259062,12177
182602,3005
323462,866
342956,5576
222102,4598
278926,8459
49824,7857
66680,1308
33038,3537
204867,10576
297010,7941
152970,8134
234713,4061
1418,7819
173488,14283
294861,3318
117130,1286
70545,7765
209289,9031
91663,9952
72338,7479
191913,9873
249964,1291
268414,14329
7947,12129
103258,2693
272651,8574
175447,14202
115186,5419
348005,5772
202216,5455
15270,6572
24637,7252
301039,8292
336442,7363
279970,10359
53252,3101
219648,1026
27523,2499
272143,12784
33790,1028
320207,4150
318008,13998
80097,14733
3003,4395
138651,694
267418,11855
78912,11812
295623,12152
146246,4883
37159,12520
257988,11928
331953,14750
73542,2371
36312,2623
55095,12761
127066,3085
329216,1802
31322,1036
265352,12446
153071,12942
192915,4077
94481,6548
112597,7367
213890,9339
31948,1028
178311,12635
56144,11244
87290,9890
124553,5727
120177,1647
226821,3172
329704,12138
330750,14277
288605,13945
215290,13708
270479,11630
30215,4632
90065,6377
26905,6041
342533,14008
323434,5346
178727,5046
33252,13345
206144,7503
36309,12535
1615,14185
64300,11761
302311,2684
90375,10463
53186,1906
45946,9728
114612,9644
45682,6953
74422,13897
320084,10043
180809,9419
76553,13379
120395,4174
5637,556
270596,9578
263517,8887
139779,7814
203641,4399
181827,1794
339511,5073
305282,5112
190279,1110
19066,579
91422,1748
233106,4239
282582,13845
124313,7262
180683,6476
182577,9053
311643,7916
80824,12114
218823,7686
213471,13556
314788,6242
62939,13745
7657,3056
58423,1411
187776,580
4265,12874
222863,2323
223580,2627
277195,7228
196486,5723
194983,13400
119869,4377
247279,14209
10638,6519
28730,14142
28365,2590
285081,1009
80577,982
152989,9413
2510,4302
113918,3949
152855,11875
208775,11301
159113,1334
55128,8933
214737,10946
147251,13435
31655,5153
204386,1834
16587,9303
60907,7006
195658,6889
318331,6797
209738,10795
68885,8222
293025,11073
64420,2046
204654,11836
323581,8719
293434,2206
224382,6649
24571,10393
6671,4528
286184,10365
153230,13778
311736,12422
109939,3957
91019,11914
33128,4336
97121,14933
248111,8194
53803,13240
271280,1612
148163,8740
276859,2462
277600,14075
261126,8771
342304,12178
46611,9497
165445,4114
89109,11040
188064,1642
48032,11676
322898,7921
46081,8508
273099,1355
5926,761
143539,3960
66410,8371
344721,4773
209311,7800
259529,5029
232778,13993
201481,7395
47317,8720
43767,10875
112235,9130
325476,942
4539,6007
55195,7115
278889,8399
250454,8983
115079,8203
339112,6045
316202,5799
147743,6176
60953,14652
70099,14300
269862,8847
16381,12670
201723,6368
115075,12213
86418,5922
165234,4287
64598,14591
79164,14901
334436,937
271251,10686
266049,5376
307745,1872
44785,6272
344996,3599
20385,10124
292320,1018
170583,9572
161838,13810
180216,8790
161278,6291
344797,5163
248549,11803
290245,10428
264171,4152
244440,4349
219524,6307
260857,2014
115136,8634
242179,4100
134143,14733
169860,3948
286584,10176
24943,2328
33067,7860
252872,8083
168393,6486
86363,12249
265023,7241
129466,7984
98003,7519
119859,12832
186941,12521
77575,14968
226187,5142
313379,11990
70593,6635
327224,13348
108125,566
152679,11973
223922,4530
145603,14371
71280,13723
24678,7819
294459,11029
318640,13470
244227,6936
313850,5490
312635,8395
225826,4550
324272,4421
67249,3050
138578,7964
348544,6305
164100,12999
178791,8862
69765,12486
109457,13318
205274,3099
24653,8051
341453,11488
11454,13355
218449,5741
3184,6216
322747,12684
125297,1582
226802,5479
215286,1347
92339,6986
23485,10805
14544,8354
125507,11342
267110,8399
202670,10719
206711,2730
233837,14804
133046,8297
56392,11772
56748,6755
98529,2747
117214,1999
176614,6941
294332,14559
193358,4556
178248,2252
138264,7878
145894,3243
236924,13547
95174,2494
47927,1392
104628,7396
1905,10905
345353,1869
123967,14688
134507,2371
130712,825
191577,2246
240397,12486
47788,11967
316546,14489
143319,12823
171682,1202
265830,8200
118515,8834
224317,5390
323204,8509
71689,8392
281882,2784
169241,937
253750,3046
306794,8448
317835,11028
310720,10475
298322,9990
287584,597
79569,690
275780,12997
284985,4116
241218,14358
11682,520
308925,14947
239112,11807
205917,12443
46595,1459
265195,10880
222258,8823
333805,6203
248124,14564
211393,12480
57029,5007
324737,11890
327085,9401
158429,5829
134827,13335
297834,14516
297766,3949
10906,10656
15884,1227
148129,10554
289875,14544
210645,6585
18697,11969
333940,12423
211697,13309
292635,5151
288219,9676
194119,14807
152661,4070
131409,11314
149082,4277
254231,3148
262286,9796
298306,9148
59779,3179
134062,4060
205990,11898
220962,14250
74561,9269
322326,6224
117855,4644
121567,6858
4941,9605
172862,6793
336281,1484
18541,12011
328584,6289
338542,5605
195037,7727
121495,1609
152826,2913
244183,14374
293591,5873
202059,7181
291626,2628
249115,13953
133004,9106
128075,6772
294873,4809
222144,14940
24085,7727
169434,708
21702,3943
253478,10764
43402,7301
117237,6838
78815,8803
288372,12682
68674,10641
96067,10107
291456,4674
47456,14128
87482,13260
272074,1787
61891,1452
197334,3475
219896,9329
230066,11514
198045,13457
295104,3445
35936,11387
99664,10932
318638,13063
94957,6943
36895,11651
49945,14867
317142,14111
318885,4353
305746,6206
95851,3731
76892,12014
12951,10164
94718,14637
33153,7632
197923,12239
128853,6654
276122,9180
98015,10023
164776,5966
14832,3667
101059,7476
13440,14540
222341,6595
219263,2896
216781,14186
116206,9118
30856,709
172957,770
183286,2829
222282,11297
252415,8972
40984,810
78326,14787
228661,8823
56108,1652
120495,3275
284161,7718
349880,2543
346209,6169
101176,5324
124885,11825
49638,6592
88412,6516
325003,1509
115575,7212
267097,2717
169170,10649
336423,12886
252824,1962
285154,8532
248748,2409
40987,10520
260596,6225
14266,4109
142155,774
245732,14320
301549,9500
336706,3866
140315,12558
10771,8061
244499,5721
103328,1074
72756,5309
282483,3761
11634,8618
263889,12088
276026,1430
203732,2342
261535,4705
294899,12124
45305,9070
331176,10800
306281,7124
254655,7171
241326,2134
167918,2181
332129,7193
269352,2101
245836,9795
277002,960
216570,2660
328785,6014
101790,2873
283155,922
186229,13802
165562,9948
146325,1218
14246,9409
188076,9253
297169,3304
217923,7795
120363,11319
237722,8266
125328,12538
43820,7179
127198,7207
231849,6879
218460,13139
218214,9413
321810,11184
71169,5631
161768,5924
131287,3416
293706,5938
65455,13562
174431,1780
335319,3684
323573,12431
26293,5613
147967,8440
240830,9408
275495,2987
71495,10377
122402,1251
78632,3049
53014,13475
335020,3008
320613,3078
301803,1737
301329,3700
56040,13745
17457,13973
41974,11606
8960,6756
299424,14116
72561,6642
104597,12062
209021,11727
119814,3640
127756,12985
158030,5305
330419,11061
61474,9024
188995,11347
261137,7698
196310,6724
181085,12955
170473,7437
156648,10589
56686,974
100639,11893
12733,5713
8471,2949
36233,6892
60950,869
326445,8010
97527,1053
170141,10028
138666,2863
127680,1691
176123,13326
319516,13513
198116,4280
297024,6536
212758,3574
199700,9626
34303,1146
236787,12944
7350,6664
235696,1709
57763,9232
210358,6132
297427,13289
149876,1954
191037,7071
244726,5566
42798,13505
39691,6601
331279,8432
41656,7913
70633,7388
94775,10414
249239,10399
35641,2904
72042,5101
164813,11853
9065,13087
231771,684
256132,3990
276379,9907
3198,7930
222821,12758
278647,3745
141743,11000
11166,7613
344602,13216
270958,955
272070,12359
114613,905
2892,13862
173287,13740
302053,11189
57191,9959
164202,14712
230486,9122
305188,12515
92217,14980
251726,9981
98811,7895
300090,9334
324573,10644
343161,1907
263461,12016
292021,1835
83305,3177
37853,8666
281098,12611
177909,4094
130069,5730
265459,12924
87421,14111
81920,9817
57678,11008
147988,10887
246071,13303
99895,5651
11004,11099
5927,5400
310899,8035
249683,4932
5071,10934
273460,12270
265194,1409
174353,5240
158918,14991
71287,1502
281722,4417
247618,6191
330456,13870
301416,4575
195541,10544
205763,13855
311923,7529
77524,4041
149003,14957
244164,11823
136851,8202
99552,9228
331008,3897
94607,6468
122619,6746
34061,4027
97963,13564
22473,9466
179575,7507
8288,14787
227534,1415
54483,13652
6705,2429
197690,13565
173428,7164
236915,10383
176081,14338
135400,8778
305704,9129
120230,3354
188726,8451
48212,8388
11476,1458
155486,4311
242250,5002
28833,11890
214545,6609
151077,12458
337344,10225
94669,10254
104510,3262
252708,8313
327620,14940
100905,10107
265989,13941
143109,7948
179901,2403
302291,11302
164804,4778
235211,2089
180182,14702
189328,4050
326812,7783
301139,8735
21189,6604
125627,7370
24808,752
337199,4500
15906,8742
212197,12793
72724,9505
323679,1562
107329,8061
97570,8873
335911,5141
347872,3091
180683,3876
3555,2157
3599,14638
46523,1637
301092,11661
183051,11527
12097,10968
214879,12330
235773,6142
